{
    "input_mean":[
        956.4666683951323,
        1.2621251609602075,
        -8.482865855078037,
        -8.60195200775564,
        -7.5687249938092975,
        -8.739604352829021,
        -3.0365348658864555,
        -4.044646973729736,
        -0.12868046894653598
    ],
    "label_mean":[
        115735.41509559377,
        4.2646672113712347e-13,
        8901.112679962635,
        27135.624769093312,
        30141.97503208172,
        24712.755148584696,
        -372.9651472886253,
        -493.34322699725413,
        -4.31138850114707e-12
    ],
    "input_std":[
        144.56082979138094,
        0.4316114858005481,
        1.3421800304159297,
        1.3271564927376922,
        1.964747648182199,
        1.1993472911833807,
        1.2594695379275647,
        1.3518816605077604,
        0.17392016053354714
    ],
    "label_std":[
        115735.41509559377,
        1.1513875522375139e-10,
        8901.112679962635,
        27135.624769093312,
        30141.97503208172,
        24712.755148584696,
        372.96514728862553,
        493.3432269972544,
        9.409165181242247e-11
    ]
}