{
    "input_mean":[
        2060.8252779292293,
        1.235733971577472,
        -5.076962664954135,
        -6.7133171181061115,
        -7.577656895223432,
        -5.998817299319277,
        -6.885859995853336,
        -4.740992879602225,
        -8.247531007857225,
        -7.717808576148032,
        -8.24825243934851,
        -6.566701906906986,
        -5.729388004172249,
        -4.085445789815756,
        -5.824820539104126,
        -8.05434066763203,
        -7.357766350902313,
        -8.957139637044149,
        -5.025892745609114,
        -7.901528169431469,
        -7.499166073609093,
        -3.202777083869064,
        -10.0
    ],
    "label_mean":[
        1996525.566045629,
        7.788827906573602e-14,
        108017.47743342962,
        103896.7956606026,
        78322.46439090716,
        17278.57189146481,
        108638.85901645076,
        115619.84568123752,
        53950.721487655785,
        35502.666488461145,
        20080.378301073426,
        110853.37857821377,
        63331.25873261109,
        125381.06475680208,
        102561.69010479066,
        29404.396336510683,
        70977.12854400859,
        -1704.3888959099413,
        76281.36224895103,
        26133.65582324682,
        41808.39599404272,
        -4.0787931227111724e-08,
        0.0
    ],
    "input_std":[
        519.0946800661171,
        0.43406206020224564,
        2.313407349506001,
        1.4635122594184171,
        1.8308382190076267,
        2.9598944431116676,
        1.7932118858862602,
        2.840631122694604,
        1.302430215158888,
        1.5042142737058872,
        1.1862062538742957,
        1.8988518196451811,
        2.8850439208839935,
        2.5903920183832287,
        2.4661899462408723,
        0.9539300157341408,
        1.5781358256928404,
        0.7685720748926116,
        3.334374836740926,
        1.389140075720197,
        1.95086915717926,
        2.6424450267132347,
        0.0
    ],
    "label_std":[
        12260948.057119206,
        2.108363072884805e-10,
        495025.60004745435,
        523148.718471993,
        552136.9556846514,
        224198.5655536522,
        643007.4145062551,
        571219.0622916721,
        476729.0513066844,
        455335.08968152356,
        402887.5751804063,
        669272.6716404198,
        434083.16677684867,
        607958.6094824811,
        484550.90159023256,
        495327.41290092416,
        542710.2483693821,
        362145.71260920743,
        493632.2316900689,
        453749.70536208263,
        425332.51465037954,
        8.151863349544284e-05,
        0.0
    ]
}