{
    "input_mean":[
        2717.141719004927,
        1.2871371577864235,
        -5.240181052513087,
        -4.8947914078286345,
        -3.117070179161789,
        -4.346362771443917,
        -4.657258124450032,
        -4.537442872141596,
        -0.11656950757756744
    ],
    "label_mean":[
        592947.6742955892,
        5.1584233576272535e-14,
        -611.0636921032669,
        -915.1244682112174,
        519.5930550881994,
        -11.949500174512165,
        -2660.9187297995336,
        159.56360614662788,
        -7.136459430073843e-11
    ],
    "input_std":[
        141.48030419772115,
        0.4281422992061657,
        0.6561518672685264,
        0.9820405777881894,
        1.0442969662425572,
        0.7554583907448359,
        1.7144519099198097,
        1.1299391466695952,
        0.15743252221610685
    ],
    "label_std":[
        592947.6742955892,
        1.2527170559513018e-10,
        611.0636921032669,
        915.1244682112174,
        519.5930550881994,
        342.3100987934528,
        2754.8463649064784,
        313.3717647966624,
        2.463374792192512e-10
    ]
}