{
    "input_mean":[
        2967.6468301372443,
        1.243683006639968,
        -4.212556159758001,
        -4.9155905064719185,
        -4.800104015355045,
        -4.795930983248498,
        -4.429621650683212,
        -3.3825206689586755,
        -7.670046476519993,
        -8.711212007184969,
        -8.974952949087577,
        -8.61232541853145,
        -8.805005285024478,
        -2.5649819138212755,
        -4.184163238665646,
        -7.902664543802336,
        -8.48287621859309,
        -9.487484315309668,
        -8.914633729344454,
        -9.555747208636628,
        -9.679158904233338,
        -2.7788791922721146,
        -10.0
    ],
    "label_mean":[
        346012.1734863404,
        9.546146573813173e-14,
        -28.80853287765839,
        1841.7350192857177,
        2531.0110238661587,
        -7005.615026495482,
        150.9943449800927,
        -2398.4375581597264,
        -7187.029992382052,
        -19108.50617926657,
        -15956.893851162014,
        -23630.979827219977,
        -18116.66147768638,
        980.0095134555011,
        7784.272315290288,
        -12471.113866601243,
        -25545.686697542653,
        -12990.699558455324,
        -17044.555122105623,
        -12206.344135447025,
        -8904.936176085748,
        4.36006529397597e-09,
        0.0
    ],
    "input_std":[
        278.9810711441267,
        0.4339953188226321,
        1.9500160697992106,
        1.1746554967709013,
        1.6917771696211221,
        2.471141134151887,
        1.6745944040654246,
        2.2727665385108367,
        1.0782301065182132,
        1.3244932550711974,
        1.05062233833517,
        1.4918007230086938,
        1.3886059976275935,
        2.0625556553283286,
        1.9676977367664865,
        0.6518606802545863,
        0.7575317131821949,
        0.42560013170241007,
        1.9420735335037163,
        0.8224050201147591,
        0.6211629439697558,
        2.39359977035721,
        0.0
    ],
    "label_std":[
        2763096.889636143,
        1.9733588883303588e-10,
        32321.05590450801,
        19464.552370919984,
        39048.52499795168,
        51481.90282288761,
        35314.09338501899,
        36774.7824052581,
        48398.803686861334,
        95336.80885827845,
        79968.39036741608,
        106965.5377384096,
        92435.05279354649,
        18315.632630776836,
        53733.78259330722,
        78860.66429349894,
        124678.71934163885,
        60372.40300992112,
        95814.61317076812,
        57388.953767533836,
        43986.93598552721,
        7.135805283303832e-06,
        0.0
    ]
}