{
    "input_mean":[
        1707.7933656206317,
        1.2482029000220745,
        -7.079377975560381,
        -7.68783461787545,
        -7.973913054952772,
        -6.285170340613194,
        -7.7557750537570085,
        -6.785791739333655,
        -8.520136177813685,
        -8.494909715292977,
        -8.930878236602421,
        -7.953755690163596,
        -7.503540503165012,
        -6.525716610693632,
        -7.348782940527677,
        -8.776529622697412,
        -8.197226332457896,
        -9.274271790048202,
        -7.294248753530667,
        -8.764521385304334,
        -8.415549405795145,
        -0.11927610214074733,
        -10.0
    ],
    "label_mean":[
        226228.87909773926,
        -1.0002294411891734e-14,
        70408.69549323348,
        81238.7753677898,
        60075.92722025813,
        6256.692526973864,
        85294.2320385505,
        73667.01943306449,
        52683.94214685393,
        48832.495774154704,
        22237.241951896645,
        80399.34708396545,
        33017.1522832487,
        96672.96118619267,
        44616.643675052255,
        32243.428115007016,
        65705.79343464803,
        5056.177570193191,
        60158.77480255935,
        21154.32083517093,
        26728.95867398989,
        -2.9093186935800843e-11,
        0.0
    ],
    "input_std":[
        785.9332076994402,
        0.43302710595536104,
        1.8515749063880493,
        1.3055575808732673,
        1.6798336028361684,
        2.447928294804928,
        1.5006601128562425,
        2.258596083009175,
        1.0695134196355123,
        1.2716949907973987,
        0.9670265336526266,
        1.5082631217656783,
        2.1971957246092937,
        2.1231987035110436,
        2.2224053468986456,
        0.8075207314978867,
        1.310900174356785,
        0.6755691314768086,
        2.499461159595155,
        1.114407603965824,
        1.622599294780544,
        0.20281311961438814,
        0.0
    ],
    "label_std":[
        309784.6041536913,
        1.281141802203683e-10,
        71768.1714353984,
        91778.64902440316,
        77404.8698226368,
        12534.115160354222,
        102459.40125048182,
        75000.66624369178,
        68611.47945922047,
        78901.34371862051,
        71345.1801005712,
        100224.6046398111,
        44582.767400327175,
        96915.23336099398,
        45284.20463356352,
        89324.98707548868,
        83612.5218755913,
        54836.63938591858,
        67880.36729929173,
        69192.37346905247,
        59451.686150352514,
        3.489220678333161e-10,
        0.0
    ]
}