{
    "input_mean":[
        1908.5072307253631,
        1.2488296166852972,
        -5.363369514665128,
        -6.821600613177627,
        -7.425867038176408,
        -5.746207642937219,
        -6.834717237105781,
        -4.937427447652623,
        -7.940474600585957,
        -8.422267963274198,
        -8.301572715945438,
        -7.798599698746059,
        -8.383130695883306,
        -6.699883784957478,
        -6.3803901588829905,
        -4.495963084382913,
        -5.560927101891848,
        -7.974165914149375,
        -7.248447309796588,
        -8.823316810727363,
        -5.395655799831011,
        -7.541138790319441,
        -6.036695702641111,
        -7.794328248078338,
        -7.368317534676196,
        -0.2238348541972696,
        -7.9790983305544225,
        -9.030911063312418,
        -7.304038717038957,
        -7.5748803557751865,
        -8.18832952533166,
        -9.696385834309135,
        -8.977424744737489,
        -9.602667847379259,
        -9.599310156792498,
        -9.623813199075785
    ],
    "label_mean":[
        775298.3739502897,
        -3.0558888752807432e-15,
        64609.89800852509,
        41839.4071478936,
        29258.713707730145,
        -6284.352533744896,
        36015.65601256968,
        64317.67485115729,
        10754.035564584512,
        3406.890578476895,
        916.6912032978008,
        13038.065392751563,
        5559.316831189611,
        27522.359026264745,
        46386.99905734922,
        75180.61229910463,
        57891.75384291999,
        1864.8560369839486,
        19102.953590036086,
        -10673.43255052152,
        63174.58515781475,
        1109.3504425104531,
        26084.910557926498,
        -11757.854320040175,
        13485.494853664175,
        -3.085748323528037e-11,
        6945.970907612584,
        -10503.258310083798,
        8179.8879756788865,
        7313.625839056232,
        -3908.864873155487,
        -3584.43623415447,
        -40224.37134278191,
        -13700.973774984055,
        -14011.812141010681,
        -15340.461227653217
    ],
    "input_std":[
        585.7408633756731,
        0.4331237364124562,
        1.471052989995064,
        1.0731359563848912,
        1.6546382675387734,
        2.4231143384236074,
        1.5596973147165243,
        2.0084977230410104,
        1.191019058961915,
        1.1151813975927751,
        1.1262111550990543,
        1.1415665684093934,
        0.8982127521526604,
        1.580657193558194,
        1.9081315105912413,
        1.7281562673760347,
        2.1284556214104478,
        0.8471778491194992,
        1.413063594080519,
        0.7940862214659417,
        2.4295752503903945,
        1.3652159321957449,
        2.46081447293832,
        1.431255571194002,
        1.9360451782301935,
        0.25138785705623545,
        1.4629869601333672,
        0.7784977281791691,
        2.1040515452807225,
        1.6553706480256498,
        1.4969902417858092,
        0.2546828970271859,
        2.103578583938877,
        0.827657306019176,
        0.834370535565354,
        0.7719210171428219
    ],
    "label_std":[
        2761404.995568541,
        1.3292608402881713e-10,
        69128.96844232462,
        63769.77187268353,
        71239.11998441564,
        16910.508841439103,
        81418.66287597956,
        66163.34474346305,
        73296.03656847219,
        53741.61305037733,
        73806.36515499474,
        78877.89292493483,
        64347.941616365846,
        103613.52855472051,
        83597.56600504553,
        76190.05743342575,
        59486.4478044895,
        82087.04149455408,
        89103.22616794663,
        64359.85356354885,
        96977.789232699,
        98448.02864702743,
        110071.97939720085,
        102108.86267208186,
        81613.1762614835,
        8.210960800170142e-10,
        73588.99658496144,
        48833.32569783447,
        87932.39402532176,
        92021.5908903078,
        73668.2369794746,
        18466.025577476837,
        40225.373997967006,
        41968.28738580656,
        42520.09393686448,
        41198.05767724409
    ]
}