{
    "input_mean":[
        2148.6886424822314,
        1.2420099907889512,
        -6.9372227924211725,
        -7.339278454219666,
        -7.229712420871203,
        -6.01868450287547,
        -7.208526701997888,
        -6.566029084186753,
        -8.590481769299371,
        -9.125432735733453,
        -8.833529638438296,
        -8.925358602513286,
        -8.636510116564148,
        -8.973484750181576,
        -8.236620365444415,
        -7.775423413366054,
        -5.990734376509895,
        -6.83288667028132,
        -8.876549234521622,
        -8.506711680542915,
        -9.354084878793474,
        -9.456573707036219,
        -9.191476331447767,
        -8.664102273469217,
        -7.684645958751958,
        -9.075352710431785,
        -8.560326488358891,
        -9.245618865342422,
        -9.126136101657526,
        -8.831654103919826,
        -8.679787022737742,
        -8.899508399201684,
        -8.06843388938439,
        -8.530916847452477,
        -8.748355153581628,
        -8.78046256827605,
        -8.964868948811946,
        -7.368447018965784,
        -9.003227435743659,
        -8.459368633495725,
        -8.98398996043222,
        -8.649768231865849,
        -7.843015086506105,
        -9.362026707048848,
        -9.377824375985993,
        -9.004801032360085,
        -9.049415361799378,
        -8.583948153053026,
        -8.785294069916768,
        -0.10174942535475888,
        -9.99999678080936,
        -9.665488631361457,
        -9.55125662503955,
        -9.47790954552878,
        -9.22929385642659
    ],
    "label_mean":[
        148104.75946694202,
        3.4311466707149464e-14,
        57662.1648675765,
        59231.69579333957,
        51198.384863592684,
        801.1449680575946,
        59117.33810452368,
        53312.0587478129,
        31914.52904030776,
        8544.921466381176,
        13050.883691202875,
        24033.555218251873,
        39765.615906056555,
        23629.69999791015,
        63206.13678916316,
        -6929.107970860744,
        73741.5387999191,
        40222.71353236562,
        18929.29030055859,
        45904.28483688724,
        5008.942360365824,
        3464.604330120774,
        14507.903827895509,
        20627.84857856809,
        50388.335914358475,
        12637.648567614733,
        38659.59135466651,
        14789.320428655894,
        16020.398734920727,
        23966.250992086676,
        32704.75883425076,
        15966.394694878325,
        39868.68684522047,
        26969.044784316986,
        19217.668150903148,
        10422.23535076819,
        20435.6135176077,
        41400.61899914132,
        12845.640191290047,
        27625.522732103942,
        17548.111009470475,
        24088.402956119287,
        42956.03934168572,
        6651.077853286661,
        14959.473837038206,
        13184.614898755064,
        13854.586922463173,
        22924.340139970245,
        25259.913231358438,
        -0.5833178987779795,
        0.06250200634242206,
        -281.9474096023327,
        4435.6120808313735,
        494.58465280084613,
        8971.063053163425
    ],
    "input_std":[
        518.462020206063,
        0.4336291179531262,
        1.5429918942688328,
        1.1395459488963893,
        1.6852081969666846,
        2.5707461928139317,
        1.4875838491984996,
        2.0008556930375834,
        0.9308942554512275,
        0.6667387051965565,
        1.025748415437557,
        0.7625623984995865,
        0.8898133933380672,
        0.6812560665786151,
        1.3752539600058364,
        2.2709342897025873,
        1.795902300349166,
        2.0301299632529615,
        0.5895819915878231,
        1.0442053166129084,
        0.5349821613245048,
        0.48076578305304657,
        0.806596758748909,
        1.1957766046633613,
        1.9587755873326735,
        0.853819660571254,
        1.4864091067395764,
        0.8456089000887328,
        1.214122495130822,
        0.8626559216811228,
        1.074762762762089,
        0.9563236556827945,
        0.9757132852355894,
        0.6783342111391854,
        0.6822615017513177,
        0.8744981590894138,
        0.44519807519169274,
        1.4444827503973485,
        0.7505266447853057,
        0.732210183695461,
        0.5108160729511083,
        0.9482768074607368,
        1.2995593542227843,
        0.4568246270588369,
        0.43193634913287005,
        0.7147202216075009,
        0.5677100373487846,
        0.7863635834434625,
        0.637627490576943,
        0.18638505977697947,
        0.0001528567602200404,
        0.4613624104595716,
        0.7199474733940255,
        0.48780299036318175,
        0.8404909019200145
    ],
    "label_std":[
        197746.28712555827,
        1.368938497977915e-10,
        59873.85198499529,
        66502.47532316262,
        60664.90605715499,
        7020.293218491263,
        69821.66149878412,
        54561.490772461606,
        45376.76708488793,
        30820.278965286852,
        32661.3657520135,
        49293.72975082388,
        61629.8473701797,
        49449.62151661128,
        80664.88578433012,
        9558.375604957357,
        74208.76671712082,
        40734.131101160754,
        55478.93568367287,
        63944.57877220594,
        37945.363683566604,
        36795.278749210396,
        27186.583615417156,
        37494.02752288981,
        63123.73505055192,
        44998.149886139545,
        57676.444800759185,
        44450.427831113855,
        33930.296921104564,
        43031.838150894124,
        51887.98802016199,
        23537.9203346243,
        45855.2162999704,
        31136.3222722994,
        23346.381935749763,
        13335.13510731658,
        27369.516642539373,
        41778.228616572844,
        15600.63818429438,
        28781.403186362597,
        25519.558312373298,
        32751.7868843657,
        47632.41629860144,
        28917.20334380263,
        32749.386663406305,
        16708.055322218326,
        17135.812983259773,
        27517.501884535814,
        31269.55483908286,
        0.5948734247440058,
        0.06250200634242227,
        25614.89201122102,
        18635.163532862724,
        38245.54633556895,
        19702.69824554992
    ]
}