{
    "input_mean":[
        1282.4183173138097,
        1.2539696320692386,
        -7.667214603704226,
        -9.006168975706206,
        -8.837118398659516,
        -2.3463333492248344,
        -8.67517262679804,
        -6.7342836663233285,
        -7.482393463949848,
        -9.43069358704131,
        -9.536988287577792,
        -7.386097302538013,
        -2.1940688042993903,
        -7.414727399905766,
        -8.43683079918986,
        -9.096284725537341,
        -6.806847970901267,
        -8.88567506884142,
        -7.840187602975177,
        -9.00125399892105,
        -7.3377720480561885,
        -3.0917924495344384,
        -10.0
    ],
    "label_mean":[
        2322.7083824422402,
        1.6291647356836363e-13,
        4823.801521617341,
        2727.12829776585,
        4391.280672612407,
        -2.6327050100454583,
        4751.7876693798025,
        6009.187993440942,
        8420.668451269325,
        2061.753135792586,
        1789.6350500405217,
        7410.485319581533,
        -17.697301899440774,
        4476.684923000168,
        2193.397488064959,
        3340.313244729177,
        6823.083639788729,
        3905.1729657311257,
        4437.900773500976,
        3441.7394569988255,
        5253.7210797920025,
        -3.400018618643355e-12,
        0.0
    ],
    "input_std":[
        206.68816260797863,
        0.43240469796322983,
        1.2569012063271943,
        0.3658696984801769,
        0.6048604803125679,
        2.1429685639707916,
        0.6377329206030047,
        1.809820414763561,
        0.9148165943283916,
        0.3593858969688066,
        0.27646088853440465,
        0.8605392540263817,
        2.151418826571876,
        1.50190901270806,
        1.410807279887814,
        0.5049010957724376,
        1.6388487819838793,
        0.4963069213619818,
        1.4523705990139852,
        0.557886263718149,
        1.5690423335340304,
        2.356414933319614,
        0.0
    ],
    "label_std":[
        17316.152246609334,
        2.1454824342958038e-10,
        39862.034376366784,
        39587.83997268838,
        45599.38276380988,
        15.100583992983287,
        46906.956121947725,
        42517.889315103654,
        69681.34452016829,
        14489.407776141179,
        12009.23413360539,
        64053.51461616675,
        107.70049760538379,
        41144.40283698755,
        15768.9000371634,
        35057.39997863424,
        41538.52879308667,
        34641.123694890084,
        24653.940719931026,
        26867.219095839075,
        27026.174250314187,
        1.1235275712644957e-08,
        0.0
    ]
}